<?xml version="1.0" encoding="UTF-8"?>
<project-private xmlns="http://www.netbeans.org/ns/project-private/1">
    <editor-bookmarks xmlns="http://www.netbeans.org/ns/editor-bookmarks/2" lastBookmarkId="0"/>
    <open-files xmlns="http://www.netbeans.org/ns/projectui-open-files/2">
        <group>
            <file>file:/D:/COVID19TempCheck_OrengoAnthony/src/covid19tempcheck_orengoanthony/DocumentWriter.java</file>
            <file>file:/D:/COVID19TempCheck_OrengoAnthony/src/covid19tempcheck_orengoanthony/Person.java</file>
            <file>file:/D:/COVID19TempCheck_OrengoAnthony/src/covid19tempcheck_orengoanthony/COVID19TempCheck_OrengoAnthony.java</file>
        </group>
    </open-files>
</project-private>
